iteration,ndeterminants,energy_ha,eps
0,1,-2.368421284280,1e-05
1,52,-2.704194831490,1e-05
2,191,-2.831072610503,1e-05
3,200,-2.847192133956,1e-05
