iteration,ndeterminants,energy_ha,eps
0,1,-2.368421284280,0.001
1,52,-2.704194831490,0.001
2,191,-2.831072610503,0.001
3,200,-2.847192133956,0.001
