iteration,ndeterminants,energy_ha,eps
0,1,-2.368421284280,0.01
1,50,-2.702964484100,0.01
2,93,-2.823031381802,0.01
3,150,-2.842812268070,0.01
