iteration,ndeterminants,energy_ha,eps
0,1,-2.368421284280,0.1
1,3,-2.434466278621,0.1
