iteration,subspace_size,energy,fci_energy,qsci_spin_symm_error
0,1,-2.368421284279992,-2.847192133955601,0.4787708496756089
1,52,-2.7041948314904234,-2.847192133955601,0.1429973024651776
2,191,-2.83107261050311,-2.847192133955601,0.016119523452490903
3,200,-2.847192133955609,-2.847192133955601,-7.993605777301127e-15
