basis,n_orbitals,rhf_energy,uhf_energy,fci_energy,n_fci_configs,max_subspace_size,min_qsci_energy,energy_diff_to_fci,n_configs_below_uhf,n_configs_reach_fci
sto-3g,3,-0.9557494651389878,-0.9990890121059729,-1.0497564809410092,5,9,-1.0497564809410118,-2.6645352591003757e-15,5,9
3-21g,6,-1.0435308642827863,-1.0612288137259616,-1.1056091788224465,20,33,-1.1042832957496735,0.0013258830727729265,4,Never
6-31g*,6,-1.0465882364452792,-1.0632286365943813,-1.1073289852310553,24,33,-1.1056787875468228,0.0016501976842324684,4,Never
